{"cameraMode":{"drawMode":0,"name":"Shaded","section":"Shading Mode"},"sceneLighting":true,"audioPlay":false,"sceneViewState":{"m_AlwaysRefresh":false,"showFog":true,"showSkybox":true,"showFlares":true,"showImageEffects":true,"showParticleSystems":true,"showVisualEffectGraphs":true,"m_FxEnabled":true},"in2DMode":false,"pivot":{"x":5.672471523284912,"y":14.108871459960938,"z":57.3489875793457},"rotation":{"x":0.22027724981307984,"y":0.04240855574607849,"z":-0.009590374305844307,"w":0.9744853377342224},"size":27.475818634033204,"orthographic":false}